chrom	start	end	sample	repeatunit	reflen	locuscoverage	outlier	p_adj	bpInsertion	repeatUnits
chr13	70713515	70713561	11	AGC	15.3	35	1.88685648944145	0.0295898153640992	316.950118548597	120.950039516199
chr13	70713515	70713561	69	AGC	15.3	8	0.4297790752454	0.333678177749521	76.1210174457791	40.6736724819264
chr13	70713515	70713561	1	AGC	15.3	3	-0.426744171073212	0.665217162914456	32.9115187238725	26.2705062412908
chr13	70713515	70713561	54	AGC	15.3	2	-0.730726313557163	0.7675268301731	24.4403744973217	23.4467914991072
chr13	70713515	70713561	49	AGC	15.3	1	-1.15916508005647	0.876805548823274	16.0677184130193	20.6559061376731
